{"eval/blood_advantage":-184.15373,"global_step":1898,"loss/approx_kl":0.010688275,"loss/total_loss":1.2767515e+06,"_runtime":60173.691439086,"loss/critic_grad_max":1.631889e+06,"loss/clip_frac":0.08496505,"loss/value_loss":1.2767512e+06,"eval/great_victory_rate":0.0023036166,"eval/win_rate":0.00552868,"eval/normal_victory_rate":0,"_timestamp":1.7530440010384e+09,"loss/actor_grad_max":0.14705,"_step":53156,"_wandb":{"runtime":60173},"loss/ratio":0.997187,"eval/enemies_locked_count":0.004607233,"loss/actor_grad_norm":1.2184081,"loss/entropy":6.0762315,"eval/success_weak_rate":0,"eval/complete_victory_rate":0.0032250632,"eval/failure_rate":0.9944713,"eval/enemies_killed_per_episode":569,"loss/actor_loss":0.41803163,"eval/total_victory_rate":0.00552868,"loss/ratio_0":0.99999624,"eval/episodic_return":-16547.82,"eval/success_simple_rate":0.00552868,"eval/success_rate":0.0032250632,"eval/narrow_victory_rate":0,"loss/critic_grad_norm":8.951932e+06,"eval/episodic_length":86.484566,"eval/alive_count":0.008753743}