{"eval/success_rate":0.0039349142,"_runtime":53117.595697987,"eval/normal_victory_rate":0,"loss/actor_loss":0.09596236,"eval/episodic_length":79.74678,"eval/win_rate":0.0055301497,"eval/enemies_locked_count":0.0039349142,"loss/value_loss":927823.4,"loss/actor_grad_max":0.3219961,"loss/ratio_0":1.0000007,"eval/blood_advantage":-182.04524,"loss/approx_kl":0.014102514,"loss/actor_grad_norm":2.1826425,"eval/narrow_victory_rate":0,"loss/critic_grad_norm":9.614611e+06,"eval/success_weak_rate":0,"loss/clip_frac":0.09256533,"loss/total_loss":927823.5,"eval/total_victory_rate":0.0055301497,"eval/alive_count":0.009465064,"loss/entropy":5.059211,"eval/enemies_killed_per_episode":587,"_step":48172,"_timestamp":1.7528962100697498e+09,"loss/ratio":0.99947166,"eval/failure_rate":0.9944698,"eval/success_simple_rate":0.0055301497,"_wandb":{"runtime":53117},"global_step":1720,"eval/episodic_return":-14776.06,"eval/great_victory_rate":0.0015952355,"eval/complete_victory_rate":0.0039349142,"loss/critic_grad_max":3.045949e+06}