{"loss/actor_grad_max":0.0019142294,"loss/critic_grad_norm":206.9704,"loss/actor_grad_norm":0.022157194,"loss/value_loss":57.42931,"loss/clip_frac":0.043010067,"eval/win_rate":0.9671773,"eval/narrow_victory_rate":0,"global_step":657,"eval/enemies_locked_count":0,"_step":18423,"eval/enemies_killed_per_episode":1039,"eval/success_weak_rate":0,"_runtime":36741.468471029,"eval/total_victory_rate":0.9671773,"eval/complete_victory_rate":0.72866523,"eval/great_victory_rate":0.23851204,"loss/entropy":8.998741,"eval/success_rate":0.72866523,"loss/total_loss":57.688282,"loss/ratio":0.99927735,"eval/alive_count":4.539387,"loss/critic_grad_max":118.287,"loss/actor_loss":0.25897315,"_wandb":{"runtime":36824},"eval/success_simple_rate":0.9671773,"eval/episodic_length":3157.4475,"eval/normal_victory_rate":0,"eval/episodic_return":862.3288,"eval/failure_rate":0.032822758,"_timestamp":1.7533084861982973e+09,"eval/blood_advantage":401.83267,"loss/ratio_0":1.0000004,"loss/approx_kl":0.0049098497}