{"loss/entropy":12.884345,"loss/value_loss":5.3098407,"_step":868,"loss/actor_loss":-0.0005635408,"eval/success_times":0.0054644807,"_runtime":6369.27344221,"global_step":156000000,"loss/total_loss":5.296393,"loss/clip_frac":0.029600156,"eval/episodic_length":1813.1913,"loss/ratio":1.0000441,"loss/approx_kl":0.0038078872,"loss/ratio_0":1.0000005,"_timestamp":1.7534228890311475e+09,"eval/episodic_return":-54.175198,"_wandb":{"runtime":6380}}