{"loss/ratio":0.9999703,"eval/enemies_killed_per_episode":128,"eval/episodic_return":-1388.9983,"eval/normal_victory_rate":0,"eval/win_rate":0.011331445,"eval/alive_count":0.018130312,"loss/value_loss":13482.633,"eval/complete_victory_rate":0.006798867,"loss/approx_kl":0.0056444816,"eval/success_rate":0.006798867,"loss/critic_grad_max":74.70128,"global_step":1,"eval/failure_rate":0.98866856,"eval/great_victory_rate":0.004532578,"loss/actor_loss":0.02566265,"_timestamp":1.7528427655119243e+09,"eval/success_weak_rate":0,"eval/blood_advantage":-180.15134,"loss/clip_frac":0.043602146,"_runtime":129.32418318,"eval/narrow_victory_rate":0,"loss/critic_grad_norm":354.79965,"loss/actor_grad_norm":0.0633868,"loss/entropy":10.185705,"_step":55,"_wandb":{"runtime":148},"eval/episodic_length":418.31445,"eval/enemies_locked_count":0.0033994336,"eval/total_victory_rate":0.011331445,"loss/total_loss":13482.658,"loss/ratio_0":0.99999994,"eval/success_simple_rate":0.011331445,"loss/actor_grad_max":0.010375885}