{"eval/blood_advantage":77.568214,"loss/ratio":0.9988583,"loss/total_loss":-0.019436225,"eval/success_rate":0.5544347,"_timestamp":1.753404679970005e+09,"loss/actor_grad_norm":0.18877172,"eval/normal_victory_rate":0.16749144,"eval/success_simple_rate":0.58641034,"loss/critic_grad_max":0.009394912,"loss/ratio_0":1,"loss/value_loss":0.0061772456,"loss/actor_grad_max":0.02089201,"_step":13411,"loss/critic_grad_norm":0.024939846,"eval/great_victory_rate":0.031975638,"eval/episodic_return":2.7107494,"eval/alive_count":1.7500951,"eval/complete_victory_rate":0.5544347,"eval/enemies_killed_per_episode":3384,"eval/episodic_length":1133.9622,"loss/clip_frac":0.08766881,"eval/total_victory_rate":0.84164447,"loss/entropy":9.493765,"_runtime":72896.058456245,"eval/narrow_victory_rate":0.08774267,"_wandb":{"runtime":72952},"loss/approx_kl":0.007195799,"eval/success_weak_rate":0.25523412,"eval/win_rate":0.84164447,"loss/actor_loss":-0.025613472,"eval/failure_rate":0.15835553,"global_step":478,"eval/enemies_locked_count":0.1379901}