{"eval/total_victory_rate":0.9037987,"eval/alive_count":4.1317215,"eval/complete_victory_rate":0.64775527,"eval/blood_advantage":194.01874,"eval/success_simple_rate":0.9037987,"eval/success_rate":0.64775527,"eval/episodic_return":1660.6232,"eval/episodic_length":2245.6047,"loss/critic_grad_norm":2240.7446,"eval/enemies_killed_per_episode":2119,"eval/enemies_locked_count":0.0004933399,"_runtime":38661.923795159,"_step":18451,"eval/failure_rate":0.09620128,"loss/actor_grad_max":0.056033783,"loss/total_loss":2219.6892,"eval/great_victory_rate":0.2560434,"global_step":658,"loss/actor_loss":0.10202743,"eval/win_rate":0.9037987,"loss/clip_frac":0.08153722,"eval/normal_victory_rate":0,"loss/value_loss":2219.587,"_timestamp":1.7519293939345133e+09,"eval/success_weak_rate":0,"loss/critic_grad_max":1005.5952,"loss/ratio_0":0.9999989,"loss/actor_grad_norm":0.39358985,"loss/approx_kl":0.0068517025,"loss/ratio":0.99865294,"loss/entropy":6.1925797,"eval/narrow_victory_rate":0,"_wandb":{"runtime":38713}}