{"eval/success_weak_rate":0.08619375,"eval/success_simple_rate":0.8855836,"eval/blood_advantage":152.94855,"loss/clip_frac":0.05512629,"loss/actor_grad_max":0.04757766,"loss/actor_loss":-0.08928381,"eval/enemies_killed_per_episode":1230,"_wandb":{"runtime":60634},"_timestamp":1.753239498740353e+09,"eval/win_rate":0.9717773,"eval/total_victory_rate":0.9717773,"loss/critic_grad_max":271.354,"loss/total_loss":1579.2615,"eval/narrow_victory_rate":0.012967201,"_step":55831,"loss/value_loss":1579.3508,"eval/episodic_return":1933.4335,"loss/actor_grad_norm":0.27019474,"eval/episodic_length":576.36694,"_runtime":60621.293079168,"global_step":1993,"loss/approx_kl":0.007995816,"loss/ratio_0":1.0000051,"eval/complete_victory_rate":0.8413425,"eval/alive_count":1.8939741,"eval/normal_victory_rate":0.07322655,"eval/success_rate":0.8413425,"eval/enemies_locked_count":0.01983219,"loss/critic_grad_norm":1751.6387,"loss/ratio":1.0010148,"eval/failure_rate":0.028222732,"loss/entropy":0.32605436,"eval/great_victory_rate":0.044241037}